235,AZUL,CN,
236,AMARELO,CN,
237,BRANCO,CN,
238,ROSA,CN,
252,BRANCO - ADAPTADA (BRAILE E LEDOR),CN,
275,AZUL (REAPLICAÇÃO),CN,
276,AMARELO (REAPLICAÇÃO),CN,
277,BRANCO (REAPLICAÇÃO),CN,
278,ROSA (REAPLICAÇÃO),CN,
231,AZUL,CH,
232,AMARELO,CH,
233,BRANCO,CH,
234,ROSA,CH,
251,BRANCO - ADAPTADA (BRAILE E LEDOR),CH,
271,AZUL (REAPLICAÇÃO),CH,
272,AMARELO (REAPLICAÇÃO),CH,
273,BRANCO (REAPLICAÇÃO),CH,
274,ROSA (REAPLICAÇÃO),CH,
239,AMARELO,LC,
240,CINZA,LC,
241,AZUL,LC,
242,ROSA,LC,
253,CINZA - ADAPTADA (BRAILE E LEDOR),LC,
279,AMARELO (REAPLICAÇÃO),LC,
280,CINZA (REAPLICAÇÃO),LC,
281,AZUL (REAPLICAÇÃO),LC,
282,ROSA (REAPLICAÇÃO),LC,
243,AMARELO,MT,
244,CINZA,MT,
245,AZUL,MT,
246,ROSA,MT,
254,CINZA - ADAPTADA (BRAILE E LEDOR),MT,
283,AMARELO (REAPLICAÇÃO),MT,
284,CINZA (REAPLICAÇÃO),MT,
285,AZUL (REAPLICAÇÃO),MT,
286,ROSA (REAPLICAÇÃO),MT,